{"train/obj_loss":0.09711231291294098,"best/mAP_0.5:0.95":0.17699552113934286,"best/recall":0.34030374369350547,"x/lr0":0.0002980000000000002,"best/mAP_0.5":0.24633341319299384,"_timestamp":1.7545947850771945e+09,"_step":100,"x/lr1":0.0002980000000000002,"x/lr2":0.0002980000000000002,"metrics/recall":0.3401112232055481,"val/box_loss":0.057213373482227325,"Validation":{"filenames":["media/images/Validation_100_a4a8acd6d6a998fe120b.jpg","media/images/Validation_100_10beb6c0b06940e48e53.jpg"],"captions":["val_batch0_labels.jpg","val_batch0_pred.jpg"],"_type":"images/separated","width":1920,"height":1920,"format":"jpg","count":2},"val/obj_loss":0.0603179931640625,"Mosaics":{"count":3,"filenames":["media/images/Mosaics_2_5e86a043c50cc6bc7a4e.jpg","media/images/Mosaics_2_4844f3df599ba6e0c3a8.jpg","media/images/Mosaics_2_a48caad6f612dc0c4199.jpg"],"captions":["train_batch0.jpg","train_batch1.jpg","train_batch2.jpg"],"_type":"images/separated","width":1920,"height":1920,"format":"jpg"},"metrics/mAP_0.5":0.24636392132087953,"_wandb":{"runtime":2087},"train/cls_loss":0.03410995379090309,"metrics/precision":0.27080993895127026,"Labels":{"_type":"images/separated","width":1600,"height":1600,"format":"jpg","count":2,"filenames":["media/images/Labels_0_dc78a00d321317424994.jpg","media/images/Labels_0_5d8c666c6691c22186a5.jpg"],"captions":["labels.jpg","labels_correlogram.jpg"]},"metrics/mAP_0.5:0.95":0.17676875216991322,"_runtime":2087,"best/epoch":97,"train/box_loss":0.03829716145992279,"Results":{"width":2400,"height":1200,"format":"png","count":6,"filenames":["media/images/Results_100_d8c05fae71aa17862cff.png","media/images/Results_100_f2de33d51097db87f0ba.png","media/images/Results_100_223025478873844c409b.png","media/images/Results_100_c469d3dc70d47672220f.png","media/images/Results_100_169890911486a4fce02e.png","media/images/Results_100_c489b301988401344afe.png"],"captions":["results.png","confusion_matrix.png","F1_curve.png","PR_curve.png","P_curve.png","R_curve.png"],"_type":"images/separated"},"best/precision":0.27117279130945915,"val/cls_loss":0.06545410305261612}