{"Results":{"filenames":["media/images/Results_100_2e7e21626ab4d37d0734.png","media/images/Results_100_ac7b4e7f9a4429bfcb0d.png","media/images/Results_100_4486eefa6bfe2a6742fd.png","media/images/Results_100_5503aedbaee0d7d35ae9.png","media/images/Results_100_ec504ebc7148f474a6fd.png","media/images/Results_100_f11fd14595f2b1668579.png"],"captions":["results.png","confusion_matrix.png","F1_curve.png","PR_curve.png","P_curve.png","R_curve.png"],"_type":"images/separated","width":2400,"height":1200,"format":"png","count":6},"best/mAP_0.5":0.231166060793425,"metrics/mAP_0.5":0.2311116649800052,"Labels":{"captions":["labels.jpg","labels_correlogram.jpg"],"_type":"images/separated","width":1600,"height":1600,"format":"jpg","count":2,"filenames":["media/images/Labels_0_dc78a00d321317424994.jpg","media/images/Labels_0_5d8c666c6691c22186a5.jpg"]},"metrics/recall":0.25603562306148514,"val/box_loss":0.058663737028837204,"Validation":{"count":2,"filenames":["media/images/Validation_100_a4a8acd6d6a998fe120b.jpg","media/images/Validation_100_e18371ae053d6b2b80f2.jpg"],"captions":["val_batch0_labels.jpg","val_batch0_pred.jpg"],"_type":"images/separated","width":1920,"height":1920,"format":"jpg"},"x/lr1":0.0002980000000000002,"x/lr0":0.0002980000000000002,"_runtime":627,"train/cls_loss":0.028140395879745483,"train/obj_loss":0.09042835980653763,"val/cls_loss":0.06552734225988388,"best/recall":0.25603562306148514,"best/epoch":74,"train/box_loss":0.035908717662096024,"_wandb":{"runtime":627},"metrics/precision":0.49048288887371533,"Mosaics":{"height":1920,"format":"jpg","count":3,"filenames":["media/images/Mosaics_1_5e86a043c50cc6bc7a4e.jpg","media/images/Mosaics_1_56c3b4bfbbf5bcd8108d.jpg","media/images/Mosaics_1_be704672e26f23ce6fb4.jpg"],"captions":["train_batch0.jpg","train_batch1.jpg","train_batch2.jpg"],"_type":"images/separated","width":1920},"x/lr2":0.0002980000000000002,"_timestamp":1.7545884011481183e+09,"best/mAP_0.5:0.95":0.1704386411464063,"val/obj_loss":0.06011962890625,"_step":100,"metrics/mAP_0.5:0.95":0.1704002949248677,"best/precision":0.49094925449116583}