{"train/cls_loss":0.009278139099478722,"best/mAP_0.5":0.3717944035950134,"x/lr2":0.0002980000000000002,"train/box_loss":0.04009713977575302,"x/lr1":0.0002980000000000002,"best/recall":0.35647958268491453,"_runtime":2073,"metrics/mAP_0.5":0.37218808479240156,"val/cls_loss":0.02557983435690403,"metrics/precision":0.5223456961673811,"val/obj_loss":0.09954833984375,"Mosaics":{"_type":"images/separated","width":1920,"height":1920,"format":"jpg","count":3,"filenames":["media/images/Mosaics_2_3f9a1e08bc80b4145abb.jpg","media/images/Mosaics_2_f710f0ef4bdae2e580de.jpg","media/images/Mosaics_2_60f19fda9349c6702b01.jpg"],"captions":["train_batch0.jpg","train_batch1.jpg","train_batch2.jpg"]},"_step":100,"metrics/mAP_0.5:0.95":0.2335736623706007,"_timestamp":1.7550238213608496e+09,"Results":{"format":"png","count":6,"filenames":["media/images/Results_100_16518af042ee4c417768.png","media/images/Results_100_26af91c282c12f311b3d.png","media/images/Results_100_f0bd81166899d84eec09.png","media/images/Results_100_1256d02ce2e7a11d73f5.png","media/images/Results_100_d5ac3b3a4436a179c724.png","media/images/Results_100_e42b236f7240d023c34a.png"],"captions":["results.png","confusion_matrix.png","F1_curve.png","PR_curve.png","P_curve.png","R_curve.png"],"_type":"images/separated","width":2400,"height":1200},"val/box_loss":0.05383957549929619,"Validation":{"_type":"images/separated","width":1920,"height":1920,"format":"jpg","count":2,"filenames":["media/images/Validation_100_6cf3506dee15b5eaa9e3.jpg","media/images/Validation_100_1e848369b9800408edd6.jpg"],"captions":["val_batch0_labels.jpg","val_batch0_pred.jpg"]},"x/lr0":0.0002980000000000002,"_wandb":{"runtime":2073},"best/precision":0.5229970391888467,"metrics/recall":0.35818898439431623,"best/mAP_0.5:0.95":0.2330584583761551,"best/epoch":88,"train/obj_loss":0.08963657915592194,"Labels":{"captions":["labels.jpg","labels_correlogram.jpg"],"_type":"images/separated","width":1600,"height":1600,"format":"jpg","count":2,"filenames":["media/images/Labels_0_4edcf5519403f6554702.jpg","media/images/Labels_0_8eacfe5670965829093e.jpg"]}}