{"x/lr2":0.0001990000000000001,"Results":{"filenames":["media/images/Results_200_9086704a1394ba547170.png","media/images/Results_200_1686b69c9f20b3a797dd.png","media/images/Results_200_7dbc5216294ec40fc8d2.png","media/images/Results_200_f7d753147594577f27e5.png","media/images/Results_200_a50b26d43b5a686a928e.png","media/images/Results_200_7051f21f475dfef9562e.png"],"captions":["results.png","confusion_matrix.png","F1_curve.png","PR_curve.png","P_curve.png","R_curve.png"],"_type":"images/separated","width":2400,"height":1200,"format":"png","count":6},"best/recall":0.4051583223638433,"Validation":{"filenames":["media/images/Validation_200_6cf3506dee15b5eaa9e3.jpg","media/images/Validation_200_6658a67ec1ff7d30779d.jpg","media/images/Validation_200_973474f0a839f2546b28.jpg","media/images/Validation_200_d6d11a568cef27b74348.jpg"],"captions":["val_batch0_labels.jpg","val_batch0_pred.jpg","val_batch1_labels.jpg","val_batch1_pred.jpg"],"_type":"images/separated","width":1920,"height":1920,"format":"jpg","count":4},"best/epoch":129,"x/lr1":0.0001990000000000001,"val/cls_loss":0.022881317883729935,"best/precision":0.4415545930721088,"metrics/precision":0.4400246390665667,"val/box_loss":0.05459378659725189,"Labels":{"captions":["labels.jpg","labels_correlogram.jpg"],"_type":"images/separated","width":1600,"height":1600,"format":"jpg","count":2,"filenames":["media/images/Labels_0_4edcf5519403f6554702.jpg","media/images/Labels_0_8eacfe5670965829093e.jpg"]},"train/box_loss":0.034557636827230453,"best/mAP_0.5:0.95":0.24871393777995277,"train/cls_loss":0.005828286055475473,"_wandb":{"runtime":1199},"metrics/mAP_0.5":0.3935617290255473,"Mosaics":{"count":3,"filenames":["media/images/Mosaics_0_a68b3bd65576a87f71ca.jpg","media/images/Mosaics_0_f0d9fbb0b7080a9777d6.jpg","media/images/Mosaics_0_c3f4f699ecbf5f053a3a.jpg"],"captions":["train_batch0.jpg","train_batch1.jpg","train_batch2.jpg"],"_type":"images/separated","width":1920,"height":1920,"format":"jpg"},"metrics/recall":0.40207575065755824,"train/obj_loss":0.07868081331253052,"best/mAP_0.5":0.39373612987188644,"_timestamp":1.7546671755192454e+09,"val/obj_loss":0.1119384765625,"x/lr0":0.0001990000000000001,"_step":200,"metrics/mAP_0.5:0.95":0.24823777844625125,"_runtime":1199}