{"_runtime":747,"Validation":{"format":"jpg","count":4,"filenames":["media/images/Validation_100_a4a8acd6d6a998fe120b.jpg","media/images/Validation_100_d7d4ada3032776b89b60.jpg","media/images/Validation_100_54b34cb84647456e3aee.jpg","media/images/Validation_100_7b1d01049a297101fed1.jpg"],"captions":["val_batch0_labels.jpg","val_batch0_pred.jpg","val_batch1_labels.jpg","val_batch1_pred.jpg"],"_type":"images/separated","width":1920,"height":1920},"_wandb":{"runtime":747},"best/mAP_0.5:0.95":0.16406749041175717,"Labels":{"captions":["labels.jpg","labels_correlogram.jpg"],"_type":"images/separated","width":1600,"height":1600,"format":"jpg","count":2,"filenames":["media/images/Labels_0_dc78a00d321317424994.jpg","media/images/Labels_0_5d8c666c6691c22186a5.jpg"]},"_step":100,"metrics/mAP_0.5":0.2288743203508199,"Results":{"filenames":["media/images/Results_100_f75fead3409e2faeae38.png","media/images/Results_100_8ad87e16cf2399a3c0f6.png","media/images/Results_100_4600317a12a2fd9d23ae.png","media/images/Results_100_950e1f5169003b663999.png","media/images/Results_100_74d58fa00e060f72083d.png","media/images/Results_100_4bcc0de177cf15f29a84.png"],"captions":["results.png","confusion_matrix.png","F1_curve.png","PR_curve.png","P_curve.png","R_curve.png"],"_type":"images/separated","width":2400,"height":1200,"format":"png","count":6},"x/lr2":0.0002980000000000002,"best/precision":0.6095228475843819,"_timestamp":1.7546245746534343e+09,"val/obj_loss":0.072967529296875,"best/mAP_0.5":0.22881059097084086,"metrics/precision":0.6097304522032241,"metrics/mAP_0.5:0.95":0.16410364934318278,"val/box_loss":0.05659262090921402,"val/cls_loss":0.05526123195886612,"x/lr0":0.0002980000000000002,"best/recall":0.18220443349753693,"best/epoch":98,"train/obj_loss":0.08135128021240234,"x/lr1":0.0002980000000000002,"metrics/recall":0.18220443349753693,"train/cls_loss":0.03407417610287666,"Mosaics":{"height":1920,"format":"jpg","count":3,"filenames":["media/images/Mosaics_0_1530b9430d07ff5a3e27.jpg","media/images/Mosaics_0_c34b0217fe89b9b3045a.jpg","media/images/Mosaics_0_70838b7a117706efad72.jpg"],"captions":["train_batch0.jpg","train_batch1.jpg","train_batch2.jpg"],"_type":"images/separated","width":1920},"train/box_loss":0.03778904676437378}