{"best/mAP_0.5":0.3600969498849231,"metrics/recall":0.3864062325775315,"Results":{"format":"png","count":6,"filenames":["media/images/Results_200_8b6830aa436a85b970d4.png","media/images/Results_200_a35cdcb5b5d8445f8177.png","media/images/Results_200_1b280799b6c3d63648e8.png","media/images/Results_200_9fb8605d4ffc74e77692.png","media/images/Results_200_77c94436d8c1ff27dd38.png","media/images/Results_200_be8501802a6c8500ab3c.png"],"captions":["results.png","confusion_matrix.png","F1_curve.png","PR_curve.png","P_curve.png","R_curve.png"],"_type":"images/separated","width":2400,"height":1200},"x/lr2":0.0001990000000000001,"metrics/precision":0.46727939458414625,"best/recall":0.3871641042703626,"val/cls_loss":0.0289306640625,"train/box_loss":0.03605100139975548,"train/cls_loss":0.007620310876518488,"x/lr1":0.0001990000000000001,"best/precision":0.46698913758640087,"_wandb":{"runtime":1708},"metrics/mAP_0.5":0.3601935112600305,"x/lr0":0.0001990000000000001,"val/box_loss":0.05589945241808891,"Mosaics":{"height":1280,"format":"jpg","count":3,"filenames":["media/images/Mosaics_0_50de73012fcf048b8a99.jpg","media/images/Mosaics_0_69d08272a14057a85a28.jpg","media/images/Mosaics_0_8cd1fa61facce55d44fc.jpg"],"captions":["train_batch0.jpg","train_batch1.jpg","train_batch2.jpg"],"_type":"images/separated","width":1280},"train/obj_loss":0.08021247386932373,"Labels":{"height":1600,"format":"jpg","count":2,"filenames":["media/images/Labels_0_4edcf5519403f6554702.jpg","media/images/Labels_0_8eacfe5670965829093e.jpg"],"captions":["labels.jpg","labels_correlogram.jpg"],"_type":"images/separated","width":1600},"Validation":{"filenames":["media/images/Validation_200_a2a50e7f43d8670f3fe6.jpg","media/images/Validation_200_9d692c606e1064819844.jpg","media/images/Validation_200_20122160fc38849aa593.jpg","media/images/Validation_200_f6bc282f1f4e7e453dd6.jpg","media/images/Validation_200_62882da90c076d207469.jpg","media/images/Validation_200_55f4bc4904dd467cac2f.jpg"],"captions":["val_batch0_labels.jpg","val_batch0_pred.jpg","val_batch1_labels.jpg","val_batch1_pred.jpg","val_batch2_labels.jpg","val_batch2_pred.jpg"],"_type":"images/separated","width":1920,"height":1464,"format":"jpg","count":6},"_runtime":1708,"best/mAP_0.5:0.95":0.22455420894937417,"val/obj_loss":0.17643356323242188,"metrics/mAP_0.5:0.95":0.2246316958545914,"_step":200,"_timestamp":1.7546700427294626e+09,"best/epoch":169}