{"val/cls_loss":0.02732849307358265,"_step":150,"best/mAP_0.5":0.39734083358258543,"x/lr1":0.00023199999999999978,"train/cls_loss":0.00568738579750061,"_timestamp":1.7550458837323694e+09,"Results":{"count":6,"filenames":["media/images/Results_150_4a5418c63f5181eab507.png","media/images/Results_150_19a6de67d91374d62a55.png","media/images/Results_150_6331d40a8c682ac2c6d0.png","media/images/Results_150_779aa90b64bdf7d356d0.png","media/images/Results_150_87e650a62dc9fbc4325d.png","media/images/Results_150_8ae8d20f831f04344585.png"],"captions":["results.png","confusion_matrix.png","F1_curve.png","PR_curve.png","P_curve.png","R_curve.png"],"_type":"images/separated","width":2400,"height":1200,"format":"png"},"val/obj_loss":0.105804443359375,"train/box_loss":0.037578076124191284,"metrics/mAP_0.5":0.39806166687159417,"x/lr2":0.00023199999999999978,"_runtime":2783,"metrics/mAP_0.5:0.95":0.2505061331194942,"best/precision":0.4403539096251792,"best/recall":0.4218632880328075,"best/epoch":135,"best/mAP_0.5:0.95":0.2505446654807106,"Labels":{"format":"jpg","count":2,"filenames":["media/images/Labels_0_4edcf5519403f6554702.jpg","media/images/Labels_0_8eacfe5670965829093e.jpg"],"captions":["labels.jpg","labels_correlogram.jpg"],"_type":"images/separated","width":1600,"height":1600},"Mosaics":{"format":"jpg","count":3,"filenames":["media/images/Mosaics_2_3f9a1e08bc80b4145abb.jpg","media/images/Mosaics_2_f710f0ef4bdae2e580de.jpg","media/images/Mosaics_2_60f19fda9349c6702b01.jpg"],"captions":["train_batch0.jpg","train_batch1.jpg","train_batch2.jpg"],"_type":"images/separated","width":1920,"height":1920},"Validation":{"count":2,"filenames":["media/images/Validation_150_6cf3506dee15b5eaa9e3.jpg","media/images/Validation_150_340b888408de7959e60b.jpg"],"captions":["val_batch0_labels.jpg","val_batch0_pred.jpg"],"_type":"images/separated","width":1920,"height":1920,"format":"jpg"},"train/obj_loss":0.08288806676864624,"val/box_loss":0.05386628583073616,"_wandb":{"runtime":2783},"metrics/precision":0.459391390335661,"x/lr0":0.00023199999999999978,"metrics/recall":0.41817317994289066}