{"x/lr2":0.0004960000000000005,"x/lr1":0.0004960000000000005,"Validation":{"filenames":["media/images/Validation_50_a4a8acd6d6a998fe120b.jpg","media/images/Validation_50_bb5fa64c4bd2681d3d95.jpg"],"captions":["val_batch0_labels.jpg","val_batch0_pred.jpg"],"_type":"images/separated","width":1920,"height":1920,"format":"jpg","count":2},"best/epoch":47,"_timestamp":1.7545906933179042e+09,"best/mAP_0.5:0.95":0.15608015919280543,"best/precision":0.7147841532317734,"_wandb":{"runtime":381},"_step":50,"train/box_loss":0.04417894035577774,"train/cls_loss":0.045170173048973083,"Results":{"filenames":["media/images/Results_50_90857c23881711c77725.png","media/images/Results_50_8d69fb947bf872f8ff43.png","media/images/Results_50_697a14f222c478dc47b6.png","media/images/Results_50_98c407ab5c36197837da.png","media/images/Results_50_6b10bd30a4f27700f832.png","media/images/Results_50_14aa714e1ceebf698aeb.png"],"captions":["results.png","confusion_matrix.png","F1_curve.png","PR_curve.png","P_curve.png","R_curve.png"],"_type":"images/separated","width":2400,"height":1200,"format":"png","count":6},"val/cls_loss":0.05781250074505806,"metrics/mAP_0.5":0.22739883352519494,"val/obj_loss":0.053497314453125,"best/mAP_0.5":0.22770766967633096,"Mosaics":{"captions":["train_batch0.jpg","train_batch1.jpg","train_batch2.jpg"],"_type":"images/separated","width":1920,"height":1920,"format":"jpg","count":3,"filenames":["media/images/Mosaics_1_5e86a043c50cc6bc7a4e.jpg","media/images/Mosaics_1_56c3b4bfbbf5bcd8108d.jpg","media/images/Mosaics_1_be704672e26f23ce6fb4.jpg"]},"best/recall":0.17569405596288534,"train/obj_loss":0.08284761756658554,"metrics/recall":0.17564741817229668,"Labels":{"height":1600,"format":"jpg","count":2,"filenames":["media/images/Labels_0_dc78a00d321317424994.jpg","media/images/Labels_0_5d8c666c6691c22186a5.jpg"],"captions":["labels.jpg","labels_correlogram.jpg"],"_type":"images/separated","width":1600},"val/box_loss":0.061260927468538284,"metrics/mAP_0.5:0.95":0.15587244679378004,"x/lr0":0.0004960000000000005,"metrics/precision":0.7144379822123337,"_runtime":381}