{"Validation":{"captions":["val_batch0_labels.jpg","val_batch0_pred.jpg"],"_type":"images/separated","width":1920,"height":1920,"format":"jpg","count":2,"filenames":["media/images/Validation_300_6cf3506dee15b5eaa9e3.jpg","media/images/Validation_300_ff2c9b8dd0ef1ff8c4d1.jpg"]},"_wandb":{"runtime":1713},"best/epoch":228,"x/lr2":0.00016600000000000043,"metrics/recall":0.3521188564249635,"metrics/precision":0.5374296750126307,"train/cls_loss":0.003964775241911411,"_timestamp":1.754672587889878e+09,"best/mAP_0.5:0.95":0.2560180313035778,"best/recall":0.3508053543574619,"val/obj_loss":0.1157073974609375,"train/box_loss":0.033262528479099274,"_step":300,"Labels":{"width":1600,"height":1600,"format":"jpg","count":2,"filenames":["media/images/Labels_0_4edcf5519403f6554702.jpg","media/images/Labels_0_8eacfe5670965829093e.jpg"],"captions":["labels.jpg","labels_correlogram.jpg"],"_type":"images/separated"},"train/obj_loss":0.07408864796161652,"Mosaics":{"format":"jpg","count":3,"filenames":["media/images/Mosaics_1_3f9a1e08bc80b4145abb.jpg","media/images/Mosaics_1_13d1a731060de8875cbc.jpg","media/images/Mosaics_1_ddf381806d330ecb8745.jpg"],"captions":["train_batch0.jpg","train_batch1.jpg","train_batch2.jpg"],"_type":"images/separated","width":1920,"height":1920},"metrics/mAP_0.5:0.95":0.2561977387263386,"best/mAP_0.5":0.3975747774470477,"metrics/mAP_0.5":0.39693993676551376,"val/cls_loss":0.02518615871667862,"val/box_loss":0.0538545623421669,"best/precision":0.5403087359907818,"_runtime":1713,"x/lr1":0.00016600000000000043,"Results":{"width":2400,"height":1200,"format":"png","count":6,"filenames":["media/images/Results_300_d33359912a51d5b8d1aa.png","media/images/Results_300_eb3147148f1842e75f0e.png","media/images/Results_300_1ccd9963cb003dfa24ca.png","media/images/Results_300_4cc8e0f2211bea6762c2.png","media/images/Results_300_3201e4edeb91f9bb14a8.png","media/images/Results_300_6f395e0eb653bc6ebee9.png"],"captions":["results.png","confusion_matrix.png","F1_curve.png","PR_curve.png","P_curve.png","R_curve.png"],"_type":"images/separated"},"x/lr0":0.00016600000000000043}