{"best/mAP_0.5:0.95":0.22077425175479573,"Results":{"height":1200,"format":"png","count":6,"filenames":["media/images/Results_100_45fe740e70d216339499.png","media/images/Results_100_2702ef7561ca87ca3e85.png","media/images/Results_100_65b6fb5714ec08c70268.png","media/images/Results_100_6f15b5a1f88daa6dcceb.png","media/images/Results_100_3cd8cd1fcf405e89664a.png","media/images/Results_100_2399b00ef36a7edb000a.png"],"captions":["results.png","confusion_matrix.png","F1_curve.png","PR_curve.png","P_curve.png","R_curve.png"],"_type":"images/separated","width":2400},"x/lr2":0.0002980000000000002,"val/cls_loss":0.02348327822983265,"_wandb":{"runtime":594},"metrics/mAP_0.5:0.95":0.2211089512198764,"val/obj_loss":0.097381591796875,"train/box_loss":0.04174206778407097,"val/box_loss":0.05330118164420128,"_step":100,"metrics/precision":0.4019626269592959,"x/lr1":0.0002980000000000002,"x/lr0":0.0002980000000000002,"train/cls_loss":0.009535594843327999,"Labels":{"filenames":["media/images/Labels_0_4edcf5519403f6554702.jpg","media/images/Labels_0_8eacfe5670965829093e.jpg"],"captions":["labels.jpg","labels_correlogram.jpg"],"_type":"images/separated","width":1600,"height":1600,"format":"jpg","count":2},"best/precision":0.4011503860484176,"best/mAP_0.5":0.3654249966720211,"_timestamp":1.755018502929653e+09,"metrics/recall":0.40901532450029326,"_runtime":594,"Mosaics":{"_type":"images/separated","width":1920,"height":1920,"format":"jpg","count":3,"filenames":["media/images/Mosaics_1_3f9a1e08bc80b4145abb.jpg","media/images/Mosaics_1_13d1a731060de8875cbc.jpg","media/images/Mosaics_1_ddf381806d330ecb8745.jpg"],"captions":["train_batch0.jpg","train_batch1.jpg","train_batch2.jpg"]},"Validation":{"width":1920,"height":1920,"format":"jpg","count":2,"filenames":["media/images/Validation_100_6cf3506dee15b5eaa9e3.jpg","media/images/Validation_100_b5558baea58c96af29a5.jpg"],"captions":["val_batch0_labels.jpg","val_batch0_pred.jpg"],"_type":"images/separated"},"best/epoch":90,"train/obj_loss":0.09483166038990021,"metrics/mAP_0.5":0.36556412302758995,"best/recall":0.40901532450029326}