{"metrics/mAP_0.5:0.95":0.17666851743899573,"metrics/mAP_0.5":0.252801480464078,"train/cls_loss":0.024901296943426132,"x/lr1":0.00023199999999999978,"best/mAP_0.5":0.26663070129100097,"Results":{"height":1200,"format":"png","count":6,"filenames":["media/images/Results_150_14b514f3db594f17d24d.png","media/images/Results_150_b809dd795beb73e2ba9b.png","media/images/Results_150_c639e2d38d7ad0acdbf3.png","media/images/Results_150_d4b74782864a19cb0e11.png","media/images/Results_150_ee13f410628a654845b7.png","media/images/Results_150_49572cff6a82ce63101d.png"],"captions":["results.png","confusion_matrix.png","F1_curve.png","PR_curve.png","P_curve.png","R_curve.png"],"_type":"images/separated","width":2400},"best/precision":0.3365462565445071,"_wandb":{"runtime":868},"Mosaics":{"height":1920,"format":"jpg","count":3,"filenames":["media/images/Mosaics_1_5e86a043c50cc6bc7a4e.jpg","media/images/Mosaics_1_56c3b4bfbbf5bcd8108d.jpg","media/images/Mosaics_1_be704672e26f23ce6fb4.jpg"],"captions":["train_batch0.jpg","train_batch1.jpg","train_batch2.jpg"],"_type":"images/separated","width":1920},"metrics/recall":0.3152059837404665,"Validation":{"captions":["val_batch0_labels.jpg","val_batch0_pred.jpg"],"_type":"images/separated","width":1920,"height":1920,"format":"jpg","count":2,"filenames":["media/images/Validation_150_a4a8acd6d6a998fe120b.jpg","media/images/Validation_150_997dc4929c889b071dc3.jpg"]},"val/cls_loss":0.06328125298023224,"train/obj_loss":0.0673898383975029,"best/recall":0.2974228751993793,"_timestamp":1.7545965949304006e+09,"_step":150,"best/mAP_0.5:0.95":0.1779510117213043,"metrics/precision":0.3148079194209721,"x/lr2":0.00023199999999999978,"val/obj_loss":0.0653533935546875,"best/epoch":129,"_runtime":868,"Labels":{"count":2,"filenames":["media/images/Labels_0_dc78a00d321317424994.jpg","media/images/Labels_0_5d8c666c6691c22186a5.jpg"],"captions":["labels.jpg","labels_correlogram.jpg"],"_type":"images/separated","width":1600,"height":1600,"format":"jpg"},"val/box_loss":0.059351034462451935,"train/box_loss":0.031751181930303574,"x/lr0":0.00023199999999999978}