{"val/cls_loss":0.02600555494427681,"metrics/precision":0.5397847261721457,"best/mAP_0.5:0.95":0.24299972592556518,"best/mAP_0.5":0.3850894752545937,"metrics/mAP_0.5:0.95":0.24409307915838707,"_runtime":1157,"train/box_loss":0.03460640832781792,"best/precision":0.5337084300883256,"x/lr0":0.00020999999999999963,"_wandb":{"runtime":1157},"train/obj_loss":0.07615917176008224,"val/obj_loss":0.1082763671875,"metrics/mAP_0.5":0.38545455816138774,"val/box_loss":0.05340080335736275,"metrics/recall":0.36131302994604186,"_step":180,"Results":{"height":1200,"format":"png","count":6,"filenames":["media/images/Results_180_30bd45cd6bd142e672eb.png","media/images/Results_180_d5e98cf9daabae120f59.png","media/images/Results_180_ca71a57cec34cedf4956.png","media/images/Results_180_9098a8efae488750b7c0.png","media/images/Results_180_7e651423b506b25db273.png","media/images/Results_180_7f98871fdbb89c50ab75.png"],"captions":["results.png","confusion_matrix.png","F1_curve.png","PR_curve.png","P_curve.png","R_curve.png"],"_type":"images/separated","width":2400},"best/epoch":163,"train/cls_loss":0.004536082036793232,"best/recall":0.36131302994604186,"Validation":{"count":2,"filenames":["media/images/Validation_180_6cf3506dee15b5eaa9e3.jpg","media/images/Validation_180_a8d3e6afdd48bf88893a.jpg"],"captions":["val_batch0_labels.jpg","val_batch0_pred.jpg"],"_type":"images/separated","width":1920,"height":1920,"format":"jpg"},"x/lr1":0.00020999999999999963,"_timestamp":1.7550205710854578e+09,"Labels":{"height":1600,"format":"jpg","count":2,"filenames":["media/images/Labels_0_4edcf5519403f6554702.jpg","media/images/Labels_0_8eacfe5670965829093e.jpg"],"captions":["labels.jpg","labels_correlogram.jpg"],"_type":"images/separated","width":1600},"Mosaics":{"height":1920,"format":"jpg","count":3,"filenames":["media/images/Mosaics_1_3f9a1e08bc80b4145abb.jpg","media/images/Mosaics_1_13d1a731060de8875cbc.jpg","media/images/Mosaics_1_ddf381806d330ecb8745.jpg"],"captions":["train_batch0.jpg","train_batch1.jpg","train_batch2.jpg"],"_type":"images/separated","width":1920},"x/lr2":0.00020999999999999963}