{"_timestamp":1.754664177628953e+09,"Results":{"format":"png","count":6,"filenames":["media/images/Results_50_28dea590a1c16580ca40.png","media/images/Results_50_9ece4c17e86b3f7cd80f.png","media/images/Results_50_7e5e04a1eb9f0bdeb135.png","media/images/Results_50_5074b81d3964ffac8e70.png","media/images/Results_50_6e52520a56cab2354d00.png","media/images/Results_50_f3103b403ef7718272c8.png"],"captions":["results.png","confusion_matrix.png","F1_curve.png","PR_curve.png","P_curve.png","R_curve.png"],"_type":"images/separated","width":2400,"height":1200},"metrics/recall":0.42632071401214905,"train/cls_loss":0.01564059779047966,"metrics/mAP_0.5":0.3666420388482219,"_step":50,"train/box_loss":0.05176245793700218,"x/lr1":0.0004960000000000005,"val/cls_loss":0.02393646351993084,"Mosaics":{"width":1920,"height":1920,"format":"jpg","count":3,"filenames":["media/images/Mosaics_1_3f9a1e08bc80b4145abb.jpg","media/images/Mosaics_1_13d1a731060de8875cbc.jpg","media/images/Mosaics_1_ddf381806d330ecb8745.jpg"],"captions":["train_batch0.jpg","train_batch1.jpg","train_batch2.jpg"],"_type":"images/separated"},"best/mAP_0.5:0.95":0.21055858069265043,"best/recall":0.4276378034593198,"val/obj_loss":0.0912322998046875,"best/epoch":48,"metrics/precision":0.4059169445343649,"x/lr2":0.0004960000000000005,"Validation":{"filenames":["media/images/Validation_50_6cf3506dee15b5eaa9e3.jpg","media/images/Validation_50_f704f22c0141bec529c9.jpg"],"captions":["val_batch0_labels.jpg","val_batch0_pred.jpg"],"_type":"images/separated","width":1920,"height":1920,"format":"jpg","count":2},"_wandb":{"runtime":482},"train/obj_loss":0.11830182373523712,"Labels":{"count":2,"filenames":["media/images/Labels_0_4edcf5519403f6554702.jpg","media/images/Labels_0_8eacfe5670965829093e.jpg"],"captions":["labels.jpg","labels_correlogram.jpg"],"_type":"images/separated","width":1600,"height":1600,"format":"jpg"},"_runtime":482,"x/lr0":0.0004960000000000005,"best/mAP_0.5":0.36671309285090076,"val/box_loss":0.055385440587997437,"metrics/mAP_0.5:0.95":0.2106641441049788,"best/precision":0.4076147893841601}