{"_runtime":953,"best/recall":0.3824719981554922,"x/lr0":0.00023199999999999978,"Mosaics":{"captions":["train_batch0.jpg","train_batch1.jpg","train_batch2.jpg"],"_type":"images/separated","width":1920,"height":1920,"format":"jpg","count":3,"filenames":["media/images/Mosaics_1_3f9a1e08bc80b4145abb.jpg","media/images/Mosaics_1_13d1a731060de8875cbc.jpg","media/images/Mosaics_1_ddf381806d330ecb8745.jpg"]},"val/box_loss":0.0547996424138546,"x/lr1":0.00023199999999999978,"metrics/mAP_0.5:0.95":0.23839766970637766,"best/precision":0.5167136508458013,"best/mAP_0.5:0.95":0.23903209731574002,"train/cls_loss":0.005805328022688627,"Results":{"filenames":["media/images/Results_150_91048cf860160f5c7843.png","media/images/Results_150_f91351b52d252ffdba59.png","media/images/Results_150_8d4f6b95faef6d4c0a23.png","media/images/Results_150_01ec37e994b5d191a59e.png","media/images/Results_150_3bceee34f37be25d4270.png","media/images/Results_150_0e0023d51fe8c95b6e90.png"],"captions":["results.png","confusion_matrix.png","F1_curve.png","PR_curve.png","P_curve.png","R_curve.png"],"_type":"images/separated","width":2400,"height":1200,"format":"png","count":6},"best/mAP_0.5":0.3882183338069163,"Labels":{"filenames":["media/images/Labels_0_4edcf5519403f6554702.jpg","media/images/Labels_0_8eacfe5670965829093e.jpg"],"captions":["labels.jpg","labels_correlogram.jpg"],"_type":"images/separated","width":1600,"height":1600,"format":"jpg","count":2},"Validation":{"filenames":["media/images/Validation_150_6cf3506dee15b5eaa9e3.jpg","media/images/Validation_150_1536b72bbe5ff30383a9.jpg"],"captions":["val_batch0_labels.jpg","val_batch0_pred.jpg"],"_type":"images/separated","width":1920,"height":1920,"format":"jpg","count":2},"val/obj_loss":0.10455322265625,"metrics/recall":0.38598930533133596,"val/cls_loss":0.02504425123333931,"_wandb":{"runtime":953},"train/box_loss":0.03708423674106598,"x/lr2":0.00023199999999999978,"_timestamp":1.7546653496547067e+09,"train/obj_loss":0.0811379924416542,"best/epoch":111,"_step":150,"metrics/mAP_0.5":0.38861113084865023,"metrics/precision":0.5154292975214124}