{"best/precision":0.44646809629917555,"_step":100,"val/obj_loss":0.09899139404296875,"Results":{"filenames":["media/images/Results_100_396c8632c5caeddc637a.png","media/images/Results_100_4e04d5925dc922184b95.png","media/images/Results_100_f66300e3e11d5257efdd.png","media/images/Results_100_254e739b875d773f2262.png","media/images/Results_100_f1897851ede5cabd96f4.png","media/images/Results_100_3c3f37b77315fcc540f3.png"],"captions":["results.png","confusion_matrix.png","F1_curve.png","PR_curve.png","P_curve.png","R_curve.png"],"_type":"images/separated","width":2400,"height":1200,"format":"png","count":6},"best/mAP_0.5":0.3789077147823187,"metrics/mAP_0.5:0.95":0.22812739920130323,"Labels":{"count":2,"filenames":["media/images/Labels_0_4edcf5519403f6554702.jpg","media/images/Labels_0_8eacfe5670965829093e.jpg"],"captions":["labels.jpg","labels_correlogram.jpg"],"_type":"images/separated","width":1600,"height":1600,"format":"jpg"},"_wandb":{"runtime":631},"_timestamp":1.7550215442443779e+09,"best/mAP_0.5:0.95":0.22799051503314605,"metrics/mAP_0.5":0.3780518399280155,"metrics/precision":0.44715441434242503,"train/box_loss":0.04412207007408142,"val/box_loss":0.054403215646743774,"metrics/recall":0.3939642509126344,"train/obj_loss":0.10959053784608841,"Mosaics":{"width":1920,"height":1920,"format":"jpg","count":3,"filenames":["media/images/Mosaics_0_a68b3bd65576a87f71ca.jpg","media/images/Mosaics_0_f0d9fbb0b7080a9777d6.jpg","media/images/Mosaics_0_c3f4f699ecbf5f053a3a.jpg"],"captions":["train_batch0.jpg","train_batch1.jpg","train_batch2.jpg"],"_type":"images/separated"},"x/lr0":0.0002980000000000002,"best/epoch":79,"Validation":{"_type":"images/separated","width":1920,"height":1920,"format":"jpg","count":4,"filenames":["media/images/Validation_100_6cf3506dee15b5eaa9e3.jpg","media/images/Validation_100_09491bdcb4d67b9bf329.jpg","media/images/Validation_100_973474f0a839f2546b28.jpg","media/images/Validation_100_17114ccb8b5a421ebd62.jpg"],"captions":["val_batch0_labels.jpg","val_batch0_pred.jpg","val_batch1_labels.jpg","val_batch1_pred.jpg"]},"x/lr2":0.0002980000000000002,"train/cls_loss":0.013328444212675095,"val/cls_loss":0.02447662502527237,"x/lr1":0.0002980000000000002,"best/recall":0.39409147841113557,"_runtime":631}